{"map": "collision_avoidance_hard", "settings": {"pixel-units": {"force": -1, "distance": -18, "momentum": -18}, "save-sims": true}, "boat": {"type": "test_20ft", "pos": [400.8572118118595, 300.8360537233125], "momentum": [-0.6139753154194246, -1.500621795382528], "angle": 1.1250902498974646, "angular-momentum": -3.0049542031589564, "rudder-angle": 287.25043932068263, "hull-durability": 57.684730693684266, "rudder-enabler": true, "sail-angles": {"main": 286, "jib": 286}, "sheet-angles": {"main": 16, "jib": 16}}, "boat-start": {"type": "test_20ft", "momentum": [0, 0], "angle": 90, "angular-momentum": 0, "rudder-angle": 270, "sail-angles": {"main": 270, "jib": 270}, "sheet-angles": {"main": 90, "jib": 90}, "hull-durability": 100, "pos": [200, 500]}, "tracer-lst": [[200.0000517482093, 499.9982085555586], [200.32419724189918, 489.99949790845506], [208.77580972148888, 484.6381579026846], [216.79694464199446, 478.6085496601097], [223.7984000895779, 471.3993603977067], [226.36194694163754, 461.6650366244449], [226.4482925536471, 451.6150329874415], [224.85697912107798, 441.68259546755615], [225.14073303540113, 431.4974574480168], [228.81854552299762, 421.7844350660854], [233.11786578355833, 412.68158333021324], [236.96676008091555, 402.917037202272], [239.83386996777176, 392.87252914526005], [241.83302608744674, 382.8152499418543], [243.16139155222987, 372.781036055919], [243.9594179477325, 362.59624868024616], [244.1239321672477, 352.35349507246264], [243.3431888018011, 342.00126460945705], [242.2051023952167, 331.6405658378893], [241.08423855469948, 321.29795210686], [239.8810859769872, 311.32622679973326], [238.39012542166455, 301.1785987586767], [236.33574732385276, 291.04271523663203], [242.9403065243912, 283.2596298076751], [252.87575368835678, 284.71252922891887], [262.45163008807367, 288.11402259145575], [272.3175936654103, 290.886321418118], [282.5081665163284, 292.19616817306405], [292.7943419356934, 291.97142044073337], [302.76477305053504, 290.33048109998595], [312.7224162267878, 289.1495592170129], [322.7261217309621, 287.876717211549], [332.81458311605184, 286.37926910808], [343.0118457594507, 285.16584820743276], [353.31272268560434, 284.5877244728438], [363.1792836763451, 287.0165444636149], [371.6252326710911, 292.7422523780747], [379.76230172947726, 298.80017174175407], [388.4509560622258, 304.56131143029495], [397.33345328015344, 310.0663967811281], [406.10985805098824, 315.31605813874654], [414.9541027441585, 320.39334250427873], [423.7956352337711, 325.1791899776648], [432.91155535649364, 330.3752420784485], [441.6930231533041, 335.7432833470512], [434.0050781577051, 328.7089754651107], [426.6064353196259, 321.93655745696185], [418.5968194954893, 315.9473231546421], [410.4209004380656, 310.1234771607987], [402.7165631141562, 303.59943707930483]], "wind-settings": {"speed-average": 15, "max-gust": 15, "speed-variability": 0.0, "direction-variability": 10.0, "direction": 258.3755295705801}, "record": 213.6865954399109, "autopilot": {"target-pos": [455.3846153846154, 424.61538461538464], "enabled": true}, "timer": 177.05038142204285}