{"map": "maze_hard_2", "settings": {"sanity-limits": {"momentum": 100, "angular-momentum": 180}, "save-sims": true}, "boat": {"type": "turbo_20ft", "pos": [12.601804811498253, 524.8717080265219], "momentum": [0.19197244747525036, -0.5658041106829118], "angle": 99.25211909543957, "angular-momentum": 2.109527335746913, "rudder-angle": 330.0, "hull-durability": 100, "rudder-enabler": true, "sail-angles": {"main": 261.2154038012456, "jib": 260.36816848868534, "turbo booster": 260.1412255879376}, "sheet-angles": {"main": 90, "jib": 90, "turbo booster": 90}}, "boat-start": {"type": "turbo_20ft", "momentum": [0, 0], "angle": 90, "angular-momentum": 0, "rudder-angle": 270, "sail-angles": {"main": 270, "jib": 270, "turbo booster": 270}, "sheet-angles": {"main": 90, "jib": 90, "turbo booster": 90}, "hull-durability": 100, "pos": [12, 528]}, "tracer-lst": [[12.0, 527.9990973905847]], "wind-settings": {"speed-average": 15, "max-gust": 15, "speed-variability": 0.0, "direction-variability": 0.0, "direction": 270.0}, "record": 319.0052636384964, "timer": {"t": 11.431097269058228, "running": true}, "autopilot": {"target-pos": [-1000000.0, 1122.0], "enabled": true}, "paused": false, "finished": false}